Download Name,Download Category,Languages Available
Biblical Themes-Covenants,bibleProject,"Kiswahili,"
Biblical Themes-Eternal Life,bibleProject,"Spanish, Portuguese,"
Biblical Themes-Generosity,bibleProject,"Spanish, Portuguese, Afrikaans, "
Biblical Themes-Gospel of the Kingdom,bibleProject,"Spanish, Kiswahili, Portuguese, Afrikaans, "
Biblical Themes-Heaven and Earth,bibleProject,"Kiswahili, Afrikaans, "
Biblical Themes-Holiness,bibleProject,"Spanish, Kiswahili, Portuguese,"
Biblical Themes-Holy Spirit,bibleProject,"Spanish, Kiswahili, Portuguese, Afrikaans, "
Biblical Themes-Image of God,bibleProject,"Spanish, Kiswahili, Portuguese, Afrikaans, "
Biblical Themes-Jesus the Royal Priest,bibleProject,"Spanish, English,"
Biblical Themes-Justice,bibleProject,"Spanish, Kiswahili, Portuguese, Afrikaans, "
Biblical Themes-Messiah,bibleProject,"Kiswahili, Portuguese, Afrikaans, "
Biblical Themes-Royal Priesthood,bibleProject,"Spanish, English,"
Biblical Themes-Sacrifice and Atonement,bibleProject,"Kiswahili, Portuguese, Afrikaans, "
Biblical Themes-The Law,bibleProject,"Spanish, Kiswahili, Portuguese, Afrikaans, "
Biblical Themes-Water of Life,bibleProject,"Portuguese,"
Biblical Themes-God,bibleProject,"Portuguese,"
Biblical Themes-Day of the Lord,bibleProject,"Portuguese, Afrikaans, "
Biblical Themes-Exile,bibleProject,"Portuguese,"
Biblical Themes-Son of Man,bibleProject,"Portuguese,"
Biblical Themes-The last will be first,bibleProject,"Portuguese,"
Biblical Themes-Temple,bibleProject,"Portuguese,"
Character of God-Loyal Love,bibleProject,"Portuguese, Afrikaans, "
Character of God-Compassion,bibleProject,"Portuguese, Afrikaans, "
Character of God-Faithfulness,bibleProject,"Portuguese, Afrikaans, "
Character of God-Grace,bibleProject,"Portuguese, Afrikaans, "
Character of God-The Character of God,bibleProject,"Portuguese,"
Character of God-Slow to Anger,bibleProject,"Portuguese, Afrikaans, "
Heaven and Earth,bibleProject,"Portuguese,"
Coming of Jesus-Agape Love,bibleProject,"Kiswahili,"
Coming of Jesus-Character Joy,bibleProject,"Kiswahili,"
Coming of Jesus-Shalom Peace,bibleProject,"Kiswahili,"
Coming of Jesus-Yakhal Hope,bibleProject,"Kiswahili,"
How to Read Biblical Discourse-The Biblical Law,bibleProject,"Portuguese,"
How to Read Biblical Discourse-NT Historical Context,bibleProject,"Portuguese,"
How to Read Biblical Discourse-NT Literary Context,bibleProject,"Portuguese,"
Word Study-Witness,bibleProject,"Portuguese,"
Gospel of the Kingdom,bibleProject,"Portuguese,"
God,bibleProject,"Spanish, Portuguese,"
Gods Attributes-Compassion,bibleProject,"Spanish, English, Kiswahili,"
Gods Attributes-Faithful,bibleProject,"Kiswahili,"
Gods Attributes-Gracious,bibleProject,"Kiswahili,"
Gods Attributes-Loyal Love,bibleProject,"Spanish, English, Kiswahili,"
Gods Attributes-Slow to Anger,bibleProject,"Kiswahili,"
Messiah,bibleProject,"Portuguese,"
Negative Words Series-Iniquity,bibleProject,"Portuguese,"
Negative Words Series-Sin,bibleProject,"Portuguese,"
Negative Words Series-Transgression,bibleProject,"Portuguese,"
Overview of NT,bibleProject,"Spanish, English, Kiswahili, Afrikaans,"
Overview of OT,bibleProject,"Kiswahili, Afrikaans, "
Sabbath,bibleProject,"Spanish,"
Sacrifice and Propiatiation,bibleProject,"Spanish,"
Shema Series-Love,bibleProject,"Portuguese,"
Son of Man,bibleProject,"Spanish,"
Story of the Bible,bibleProject,"English,"
The Last Will be the First,bibleProject,"Spanish,"
Water of Life,bibleProject,"Spanish,"
What is the Bible,bibleProject,"Spanish, English, Portuguese,"
Who is Jesus,bibleProject,"Portuguese,"
Wisdom Series-Ecclesiastes,bibleProject,"Kiswahili,"
Wisdom Series-Job,bibleProject,"Kiswahili,"
Wisdom Series-Proverbs,bibleProject,"Kiswahili,"
Word Study-Gospel,bibleProject,"Spanish, Portuguese,"
Word Study-Khata Sin,bibleProject,"Spanish, English,"
,,
Sawyer Bucket Filter Video,cleaningInstructions,"Spanish, English,"
Sawyer Tap Filter Video,cleaningInstructions,"Spanish, English,"
,,
Genisis Ch1: Creation,iBIBLE,"Spanish, English,"
,,
Jesus Film,jesusFilm,"Acholi, Adele, Afrikaans, Akan-Akuapem-Twi, Akan-Asante, Akan-Fante, Alur, Anufo, Ateso, Bimoba, Birifor-Southern, Borana, Buli, Canela, Chumburung, Daasanach, Dagaare, Dagbani, Dhopadhola, Duruma, English, Ewe, Ga, Gikyode, Giryama, Guajajara, Hanga, Ilchamus, IsiXhosa, IsiZulu, Kaapor, Kadiweu, Kakwa, Kalenjin, Kamba, Karimojong, Kasem, Kayabi, Kayapo,  Kebu, Kikamba, Kimeru, Kiswahili, Kiwihwana, Koma, Konkomba-Likoonli, Konkomba-Likpakpaaln, Kumam, Kupsapiny, Kusaal, Lango, Lelemi, Lubwisi, Luganda, Lugbara, Lumasaaba, Lunyore, Luo, Lusoga, Maasai, Madi, Mampruli, Meru, Ndebele Northern, Ndebele Southern, Nkonya, Nzema, Paasaal, Parecis, Polkoot, Portuguese, Runyankore, Runyoro-Rutoro, Sabaot, Samburu, Sisaala-Tumulung, siSwati, Sesotho, Sesotho sa Leboa, Setswana, Spanish, Suba, Taita, Tampulma, Tharaka, Turkana, Vagla, Wali, Xitsonga, "
Magdalena,jesusFilm,"Afrikaans, IsiZulu, Maasai, Ndebele Northern, Portuguese, Suba, "
Growing in Christ,jesusFilm,"Acholi, Afrikaans, Akan-Akuapem-Twi, Akan-Asante, Anufo, Dagbani, English, Ewe, IsiXhosa, IsiZulu, Kasem, Kiswahili, Konkomba-Likoonli, Konkomba-Likpakpaaln, Kusaal, Luganda, Ndebele Northern, Runyankore, Setswana, Sisaala-Tumulung, Setswana, siSwati, "
Fellowship of Believers,jesusFilm,"Acholi, Afrikaans, Akan-Akuapem-Twi, Akan-Asante, Anufo, Dagbani, English, Ewe, IsiXhosa, IsiZulu, Kasem, Kiswahili, Konkomba-Likoonli, Konkomba-Likpakpaaln, Kusaal, Luganda, Ndebele Northern, Runyankore, Setswana, Sisaala-Tumulung, Setswana, siSwati, "
Walking in the Sprit,jesusFilm,"Acholi, Afrikaans, Akan-Akuapem-Twi, Akan-Asante, Anufo, Dagbani, English, Ewe, IsiXhosa, IsiZulu, Kasem, Kiswahili, Konkomba-Likoonli, Konkomba-Likpakpaaln, Kusaal, Luganda, Ndebele Northern, Runyankore, Setswana, Sisaala-Tumulung, Setswana, siSwati, "
Assurance of Salvation,jesusFilm,"Acholi, Afrikaans, Akan-Akuapem-Twi, Akan-Asante, Anufo, Dagbani, English, Ewe, IsiXhosa, IsiZulu, Kasem, Kiswahili, Konkomba-Likoonli, Konkomba-Likpakpaaln, Kusaal, Luganda, Ndebele Northern, Runyankore, Setswana, Sisaala-Tumulung, Setswana, siSwati, "
The Holy Spirit,jesusFilm,"Acholi, Afrikaans, Akan-Akuapem-Twi, Akan-Asante, Anufo, Dagbani, English, Ewe, IsiXhosa, IsiZulu, Kasem, Kiswahili, Konkomba-Likoonli, Konkomba-Likpakpaaln, Kusaal, Luganda, Ndebele Northern, Runyankore, Setswana, Sisaala-Tumulung, Setswana, siSwati, "
Legion,jesusFilm,"Akan-Akuapem-Twi, English, Kiswahili, Portuguese,"
My Last Day,jesusFilm,"Akan-Akuapem-Twi, Akan-Asante, English, Portuguese,"
"Jesus, Our Loving Pursuer",jesusFilm,"Akan-Akuapem-Twi, Akan-Asante, Ewe, Kiswahili, Luganda, Portuguese,"
"Jesus, Our Gracious forgiver",jesusFilm,"Akan-Akuapem-Twi, Akan-Asante, Ewe, Kiswahili, Luganda, Portuguese,"
"Jesus, Our Power for Living",jesusFilm,"Akan-Akuapem-Twi, Akan-Asante, Ewe, Kiswahili, Luganda, Portuguese,"
"Jesus, Our powerful Deliverer",jesusFilm,"Akan-Akuapem-Twi, Akan-Asante, Ewe, Kiswahili, Luganda, Portuguese,"
"Jesus, Our compassionate Provider",jesusFilm,"Akan-Akuapem-Twi, Akan-Asante, Ewe, Kiswahili, Luganda, Portuguese,"
"Jesus, Our Complete Restorer",jesusFilm,"Akan-Akuapem-Twi, Akan-Asante, Ewe, Kiswahili, Luganda, Portuguese,"
"Jesus, Our Living Water",jesusFilm,"Akan-Akuapem-Twi, Akan-Asante, Ewe, Kiswahili, Luganda, Ndebele Northern, Portuguese,"
The Story of jesus for Children,jesusFilm,"Akan-Asante, Kiswahili, Luganda, Portuguese,"
StoryClubs-Birth of Jesus,jesusFilm,"Afrikaans, Akan-Asante, IsiXhosa, IsiZulu, Kiswahili, Luganda, Portuguese,  Setswana, siSwati, "
StoryClubs-Sinful Woman Forgiven,jesusFilm,"Afrikaans, Akan-Asante, IsiXhosa, IsiZulu, Kiswahili, Luganda, Portuguese,  Setswana, siSwati, "
StoryClubs-The Last Supper,jesusFilm,"Afrikaans, Akan-Asante, IsiXhosa, IsiZulu, Kiswahili, Luganda, Portuguese,  Setswana, siSwati, "
StoryClubs-Jairus Daugher,jesusFilm,"Afrikaans, Akan-Asante, IsiXhosa, IsiZulu, Kiswahili, Luganda, Portuguese,  Setswana, siSwati, "
StoryClubs-Jesus and Zacchaeus,jesusFilm,"Afrikaans, Akan-Asante, IsiXhosa, IsiZulu, Kiswahili, Luganda, Portuguese,  Setswana, siSwati, "
StoryClubs-Jesus Calms the Storm,jesusFilm,"Afrikaans, Akan-Asante, IsiXhosa, IsiZulu, Kiswahili, Luganda, Portuguese,  Setswana, siSwati, "
StoryClubs-Miraculous Catch of Fish,jesusFilm,"Afrikaans, Akan-Asante, IsiXhosa, IsiZulu, Kiswahili, Luganda, Portuguese,  Setswana, siSwati, "
StoryClubs-The Tomb is Empty,jesusFilm,"Afrikaans, Akan-Asante, IsiXhosa, IsiZulu, Kiswahili, Luganda, Portuguese,  Setswana, siSwati, "
StoryClubs-Jesus Feeds 5000,jesusFilm,"Afrikaans, Akan-Asante, IsiXhosa, IsiZulu, Kiswahili, Luganda, Portuguese,  Setswana, siSwati, "
StoryClubs-Childhood of Jesus,jesusFilm,"Afrikaans, Akan-Asante, IsiXhosa, IsiZulu, Kiswahili, Luganda, Portuguese,  Setswana, siSwati, "
StoryClubs-Jesus is Crucified,jesusFilm,"Afrikaans, Akan-Asante, IsiXhosa, IsiZulu, Kiswahili, Luganda, Portuguese,  Setswana, siSwati, "
StoryClubs-A widows Offering,jesusFilm,"Afrikaans, Akan-Asante, IsiXhosa, IsiZulu, Kiswahili, Luganda, Portuguese,  Setswana, siSwati, "
StoryClubs-Healing Bartimaeus,jesusFilm,"Afrikaans, Akan-Asante, IsiXhosa, IsiZulu, Kiswahili, Luganda, Portuguese,  Setswana, siSwati, "
Parable of Good Samaritan,jesusFilm,"Canela, Guajajara, Kaapor, Kadiweu, Kayabi, Kayapo, Parecis,"
Invitation to Know Jesus Personally,jesusFilm,"Canela, Guajajara, Kaapor, Kadiweu, Kayabi, Kayapo, Parecis,"
Chosen Witness,jesusFilm,"English, Kiswahili, Portuguese,"
Wedding in Cana,jesusFilm,"English,"
File Zero-Episode 1,jesusFilm,"English,"
File Zero-Episode 2,jesusFilm,"English,"
File Zero-Episode 3,jesusFilm,"English,"
File Zero-Episode 4,jesusFilm,"English,"
File Zero-Episode 5,jesusFilm,"English,"
File Zero-Episode 6,jesusFilm,"English,"
File Zero-Episode 7,jesusFilm,"English,"
File Zero-Episode 8,jesusFilm,"English,"
File Zero-Episode 9,jesusFilm,"English,"
File Zero-Episode 10,jesusFilm,"English,"
File Zero-Episode 11,jesusFilm,"English,"
File Zero-Episode 12,jesusFilm,"English,"
File Zero-Episode 13,jesusFilm,"English,"
File Zero-Episode 14,jesusFilm,"English,"
File Zero-Episode 15,jesusFilm,"English,"
A Man by the name of Frederick Pennyhouse,jesusFilm,"English,"
Marea,jesusFilm,"Afrikaans, English, IsiXhosa,"
Puzzler,jesusFilm,"Afrikaans, English, IsiXhosa, IsiZulu,"
11_13,jesusFilm,"Afrikaans, English, IsiZulu,"
B Me,jesusFilm,"English,"
Conversation,jesusFilm,"English,"
Happiness is $1.25,jesusFilm,"English,"
Jatku Leiba,jesusFilm,"English,"
La Busqueda-The Search,jesusFilm,"Afrikaans, English, IsiXhosa, IsiZulu, Ndebele Northern, Setswana, siSwati,"
Medley,jesusFilm,"Afrikaans, English, IsiXhosa, IsiZulu, "
Paper Hats ,jesusFilm,"English,"
Perfect,jesusFilm,"English,"
The Story Short Film,jesusFilm,"English,"
Where You Belong,jesusFilm,"English, Portuguese,"
Breathe,jesusFilm,"Afrikaans, English, Kiswahili, IsiZulu, "
Ctrl Z,jesusFilm,"English,"
Delight,jesusFilm,"Afrikaans, English, IsiZulu,"
Fracture,jesusFilm,"English,"
La Liberte De L'Interieur-Freedomn Within,jesusFilm,"Afrikaans, English, IsiXhosa, IsiZulu,"
Picket Fence,jesusFilm,"English,"
Theophilus,jesusFilm,"English,"
Tumlukden Nura,jesusFilm,"English,"
Cabernet,jesusFilm,"English,"
Dying roads,jesusFilm,"Afrikaans, English, IsiXhosa, IsiZulu, Portuguese,"
Good,jesusFilm,"English,"
Just an Outside Shot,jesusFilm,"English, Portuguese,"
The Braverman Account,jesusFilm,"English,"
Donâ€™t Hold Your Breath,jesusFilm,"English,"
Jangled,jesusFilm,"Afrikaans, English,"
Note evelyn Cho,jesusFilm,"English,"
Doll Face,jesusFilm,"Afrikaans, English,"
Flow,jesusFilm,"Afrikaans, English,"
Invisible,jesusFilm,"Afrikaans, English,"
Nightwatch,jesusFilm,"English,"
the Four Principles,jesusFilm,"English,"
The Undeniably Untimely Death of Leland Syturgis,jesusFilm,"English,"
In Time,jesusFilm,"English,"
Living Word Beaytitudes,jesusFilm,"English,"
Rain,jesusFilm,"English,"
Tarek,jesusFilm,"English,"
The Rent Check,jesusFilm,"English,"
To Be Like You,jesusFilm,"English,"
Venia,jesusFilm,"English,"
Waiting on Alchemist,jesusFilm,"English,"
Vinyl,jesusFilm,"Afrikaans, English, IsiXhosa,"
Altro Mare,jesusFilm,"English,"
Blue,jesusFilm,"Afrikaans, English, IsiXhosa, IsiZulu, Ndebele Northern, Portuguese, Setswana, siSwati,"
Andreas Story,jesusFilm,"English, Portuguese,"
Brothers,jesusFilm,"English,"
Coffee Shop,jesusFilm,"English,"
Cogu Cay (Mostly Tea),jesusFilm,"English,"
Harsh Vibe ,jesusFilm,"English,"
Infinite Abyss,jesusFilm,"English,"
Portions,jesusFilm,"English,"
Vigilant,jesusFilm,"English,"
Who is the Messiah,jesusFilm,"English,"
Yol (The Path),jesusFilm,"Afrikaans, English, IsiXhosa, IsiZulu,"
Solitude,jesusFilm,"English,"
Uninvited Guests,jesusFilm,"English,"
Jesus Film Segment,jesusFilm,"English,"
Jesus Our Living Water,jesusFilm,"Afrikaans, Ewe, Kiswahili, IsiXhosa, IsiZulu,"
Jesus Calms the Storm,jesusFilm,"Kiswahili,"
The Women with the Issue of Blood,jesusFilm,"Kiswahili,"
Life of Jesus (Gospel of John),jesusFilm,"Portuguese,"
How to have a relationship with God,jesusFilm,"Portuguese,"
Is there one God or Three,jesusFilm,"Portuguese,"
Did Jesus Come Back from the Dead,jesusFilm,"Portuguese,"
Why Did Jesus Have to Die,jesusFilm,"Portuguese,"
Who is Jesus,jesusFilm,"Portuguese,"
Can We Know God,jesusFilm,"Portuguese,"
Can the bible Be Trusted,jesusFilm,"Portuguese,"
Restored,jesusFilm,"Portuguese,"
God's Rescue Plan,jesusFilm,"Portuguese,"
In the Family,jesusFilm,"Portuguese,"
Handiwork,jesusFilm,"Portuguese,"
Daily Bread,jesusFilm,"Portuguese,"
Troubled Times,jesusFilm,"Portuguese,"
The Wind and the Wells,jesusFilm,"Portuguese,"
Finding Peace,jesusFilm,"Portuguese,"
Friends and Enemies,jesusFilm,"Portuguese,"
Cleaning the Lamps,jesusFilm,"Portuguese,"
Wedding Day,jesusFilm,"Portuguese,"
The Dropped Stitch,jesusFilm,"Portuguese,"
Births,jesusFilm,"Portuguese,"
Sharing the News,jesusFilm,"Portuguese,"
Jesus Our Complete Restorer,jesusFilm,"Afrikaans, IsiXhosa, IsiZulu, Ndebele Northern,"
Jesus Our Compassionate Provider,jesusFilm,"Afrikaans, IsiXhosa, IsiZulu, Ndebele Northern,"
Jesus Our Powerful Deliverer,jesusFilm,"Afrikaans, IsiXhosa, IsiZulu, Ndebele Northern,"
Jesus Our Power for Living,jesusFilm,"Afrikaans, IsiXhosa, IsiZulu, Ndebele Northern,"
Jesus Out Gracious Forgiver,jesusFilm,"Afrikaans, IsiXhosa, IsiZulu, Ndebele Northern,"
Jesus Our Loving Pursuer,jesusFilm,"Afrikaans, IsiXhosa, IsiZulu, Ndebele Northern,"
