Language,Content Name,Content Type,Encoded
Acholi,Bible,Bible,x
Acholi,Jesus Film,Jesus Film,x
Acholi,Growing in Christ,Jesus Film,x
Acholi,Fellowship of Believers,Jesus Film,x
Acholi,Walking in the Sprit,Jesus Film,x
Acholi,Assurance of Salvation,Jesus Film,x
Acholi,The Holy Spirit,Jesus Film,x
Adele,Bible,Bible,x
Adele,Jesus Film,Jesus Film,x
Akan-Akuapem-Twi,Bible,Bible,x
Akan-Akuapem-Twi,Jesus Film,Jesus Film,x
Akan-Akuapem-Twi,Legion,Jesus Film,x
Akan-Akuapem-Twi,My Last Day,Jesus Film,x
Akan-Akuapem-Twi,Growing in Christ,Jesus Film,x
Akan-Akuapem-Twi,Fellowship of Believers,Jesus Film,x
Akan-Akuapem-Twi,Walking in the Sprit,Jesus Film,x
Akan-Akuapem-Twi,Assurance of Salvation,Jesus Film,x
Akan-Akuapem-Twi,The Holy Spirit,Jesus Film,x
Akan-Akuapem-Twi,"Jesus, Our Loving Pursuer",Jesus Film,x
Akan-Akuapem-Twi,"Jesus, Our Gracious forgiver",Jesus Film,x
Akan-Akuapem-Twi,"Jesus, Our Power for Living",Jesus Film,x
Akan-Akuapem-Twi,"Jesus, Our powerful Deliverer",Jesus Film,x
Akan-Akuapem-Twi,"Jesus, Our compassionate Provider",Jesus Film,x
Akan-Akuapem-Twi,"Jesus, Our Complete Restorer",Jesus Film,x
Akan-Akuapem-Twi,"Jesus, Our Living Water",Jesus Film,x
Akan-Asante,Bible,Bible,x
Akan-Asante,Jesus Film,Jesus Film,x
Akan-Asante,The Story of jesus for Children,Jesus Film,x
Akan-Asante,My Last Day,Jesus Film,x
Akan-Asante,Growing in Christ,Jesus Film,x
Akan-Asante,Fellowship of Believers,Jesus Film,x
Akan-Asante,Walking in the Sprit,Jesus Film,x
Akan-Asante,Assurance of Salvation,Jesus Film,x
Akan-Asante,The Holy Spirit,Jesus Film,x
Akan-Asante,"Jesus, Our Loving Pursuer",Jesus Film,x
Akan-Asante,"Jesus, Our Gracious forgiver",Jesus Film,x
Akan-Asante,"Jesus, Our Power for Living",Jesus Film,x
Akan-Asante,"Jesus, Our powerful Deliverer",Jesus Film,x
Akan-Asante,"Jesus, Our compassionate Provider",Jesus Film,x
Akan-Asante,"Jesus, Our Complete Restorer",Jesus Film,x
Akan-Asante,"Jesus, Our Living Water",Jesus Film,x
Akan-Asante,StoryClubs-Birth of Jesus,Jesus Film,x
Akan-Asante,StoryClubs-Sinful Woman Forgiven,Jesus Film,x
Akan-Asante,StoryClubs-The Last Supper,Jesus Film,x
Akan-Asante,StoryClubs-Jairus Daugher,Jesus Film,x
Akan-Asante,StoryClubs-Jesus and Zacchaeus,Jesus Film,x
Akan-Asante,StoryClubs-Jesus Calms the Storm,Jesus Film,x
Akan-Asante,StoryClubs-Miraculous Catch of Fish,Jesus Film,x
Akan-Asante,StoryClubs-The Tomb is Empty,Jesus Film,x
Akan-Asante,StoryClubs-Jesus Feeds 5000,Jesus Film,x
Akan-Asante,StoryClubs-Childhood of Jesus,Jesus Film,x
Akan-Asante,StoryClubs-Jesus is Crucified,Jesus Film,x
Akan-Asante,StoryClubs-A widows Offering,Jesus Film,x
Akan-Asante,StoryClubs-Healing Bartimaeus,Jesus Film,x
Akan-Fante,Bible,Bible,x
Akan-Fante,Jesus Film,Jesus Film,x
Alur,Bible,Bible,x
Alur,Jesus Film,Jesus Film,x
Anufo,Bible,Bible,x
Anufo,Jesus Film,Jesus Film,x
Anufo,Growing in Christ,Jesus Film,x
Anufo,Fellowship of Believers,Jesus Film,x
Anufo,Walking in the Sprit,Jesus Film,x
Anufo,Assurance of Salvation,Jesus Film,x
Anufo,The Holy Spirit,Jesus Film,x
Apalai,Bible (PDF),Bible,x
Apinaye,Bible (PDF),Bible,x
Apurina,Bible (PDF),Bible,x
Ateso,Bible,Bible,x
Ateso,Jesus Film,Jesus Film,x
Bakairi,Bible (PDF),Bible,x
Bekwarra,Bible,Bible,x
Berom,Bible,Bible,x
Bete-Bendi,Bible,Bible,x
Bimoba,Bible,Bible,x
Bimoba,Jesus Film,Jesus Film,x
Birifor-Southern,Bible,Bible,x
Birifor-Southern,Jesus Film,Jesus Film,x
Bisa,Bible,Bible,x
Bokobaru-Sim,Bible,Bible,x
Borana,Bible,Bible,x
Borana,Jesus Film,Jesus Film,x
Bororo,Bible (PDF),Bible,x
Buli,Bible,Bible,x
Buli,Jesus Film,Jesus Film,x
Bura,Bible,Bible,x
Busa-Bisa,Bible,Bible,x
Canela,Bible,Bible,x
Canela,Bible,Bible,x
Canela,Jesus Film,Jesus Film,x
Canela,Parable of Good Samaritan,Jesus Film,x
Canela,Invitation to Know Jesus Personally,Jesus Film,x
Chumburung,Bible,Bible,x
Chumburung,Jesus Film,Jesus Film,x
Culina,Bible (PDF),Bible,x
Daasanach,Bible,Bible,x
Daasanach,Jesus Film,Jesus Film,x
Dagaare,Bible,Bible,x
Dagaare,Jesus Film,Jesus Film,x
Dagbani,Bible,Bible,x
Dagbani,Jesus Film,Jesus Film,x
Dagbani,Growing in Christ,Jesus Film,x
Dagbani,Fellowship of Believers,Jesus Film,x
Dagbani,Walking in the Sprit,Jesus Film,x
Dagbani,Assurance of Salvation,Jesus Film,x
Dagbani,The Holy Spirit,Jesus Film,x
Dhopadhola,Bible,Bible,x
Dhopadhola,Jesus Film,Jesus Film,x
Duruma,Bible,Bible,x
Duruma,Jesus Film,Jesus Film,x
Dza,Bible,Bible,x
Ebira,Bible,Bible,x
Embu,Bible,Bible,x
English,ESV Bible,Bible,x
Kiswahili,Biblical Themes-Covenants,Bible Project,x
Portuguese,Biblical Themes-Eternal Life,Bible Project,x
Spanish,Biblical Themes-Eternal Life,Bible Project,x
Portuguese,Biblical Themes-Generosity,Bible Project,x
Spanish,Biblical Themes-Generosity,Bible Project,x
Kiswahili,Biblical Themes-Gospel of the kingdom,Bible Project,x
Portuguese,Biblical Themes-Gospel of the Kingdom,Bible Project,x
Spanish,Biblical Themes-Gospel of the Kingdom,Bible Project,x
English,Jesus Film,Jesus Film,x
English,Chosen Witness,Jesus Film,x
English,Legion,Jesus Film,x
English,Wedding in Cana,Jesus Film,x
English,File Zero-Episode 1,Jesus Film,x
English,File Zero-Episode 2,Jesus Film,x
English,File Zero-Episode 3,Jesus Film,x
English,File Zero-Episode 4,Jesus Film,x
English,File Zero-Episode 5,Jesus Film,x
English,File Zero-Episode 6,Jesus Film,x
English,File Zero-Episode 7,Jesus Film,x
English,File Zero-Episode 8,Jesus Film,x
English,File Zero-Episode 9,Jesus Film,x
English,File Zero-Episode 10,Jesus Film,x
English,File Zero-Episode 11,Jesus Film,x
English,File Zero-Episode 12,Jesus Film,x
English,File Zero-Episode 13,Jesus Film,x
English,File Zero-Episode 14,Jesus Film,x
English,File Zero-Episode 15,Jesus Film,x
English,A Man by the name of Frederick Pennyhouse,Jesus Film,x
English,Marea,Jesus Film,x
English,Puzzler,Jesus Film,x
English,11_13,Jesus Film,x
English,B Me,Jesus Film,x
English,Conversation,Jesus Film,x
English,Happiness is $1.25,Jesus Film,x
English,Jatku Leiba,Jesus Film,x
English,La Busqueda-The Search,Jesus Film,x
English,Medley,Jesus Film,x
English,Paper Hats ,Jesus Film,x
English,Perfect,Jesus Film,x
English,The Story Short Film,Jesus Film,x
English,Where You Belong,Jesus Film,x
English,Breathe,Jesus Film,x
English,Ctrl Z,Jesus Film,x
English,Delight,Jesus Film,x
English,Fracture,Jesus Film,x
English,La Liberte De L'Interieur-Freedomn Within,Jesus Film,x
English,Picket Fence,Jesus Film,x
English,Theophilus,Jesus Film,x
English,Tumlukden Nura,Jesus Film,x
English,Cabernet,Jesus Film,x
English,Dying roads,Jesus Film,x
English,Good,Jesus Film,x
English,Just an Outside Shot,Jesus Film,x
English,Legion,Jesus Film,x
English,The Braverman Account,Jesus Film,x
English,Don’t Hold Your Breath,Jesus Film,x
English,Jangled,Jesus Film,x
English,Note evelyn Cho,Jesus Film,x
English,Doll Face,Jesus Film,x
English,Flow,Jesus Film,x
English,Invisible,Jesus Film,x
English,Nightwatch,Jesus Film,x
English,the Four Principles,Jesus Film,x
English,The Undeniably Untimely Death of Leland Syturgis,Jesus Film,x
English,In Time,Jesus Film,x
English,Living Word Beaytitudes,Jesus Film,x
English,Rain,Jesus Film,x
English,Tarek,Jesus Film,x
English,The Rent Check,Jesus Film,x
English,To Be Like You,Jesus Film,x
English,Venia,Jesus Film,x
English,Waiting on Alchemist,Jesus Film,x
English,Vinyl,Jesus Film,x
English,Altro Mare,Jesus Film,x
English,Blue,Jesus Film,x
English,My Last Day,Jesus Film,x
English,Andreas Story,Jesus Film,x
English,Brothers,Jesus Film,x
English,Coffee Shop,Jesus Film,x
English,Cogu Cay (Mostly Tea),Jesus Film,x
English,Harsh Vibe ,Jesus Film,x
English,Infinite Abyss,Jesus Film,x
English,Portions,Jesus Film,x
English,Vigilant,Jesus Film,x
English,Who is the Messiah,Jesus Film,x
English,Yol (The Path),Jesus Film,x
English,Solitude,Jesus Film,x
English,Uninvited Guests,Jesus Film,x
English,Growing in Christ,Jesus Film,x
English,Fellowship of Believers,Jesus Film,x
English,Walking in the Sprit,Jesus Film,x
English,Assurance of Salvation,Jesus Film,x
English,The Holy Spirit,Jesus Film,x
English,Jesus Film Segment,Jesus Film,x
English,Sawyer Bucket Filter,Sawyer Instructions,x
English,Swayer Tap Filter,Sawyer Instructions,x
Ewe,Bible,Bible,x
Ewe,Jesus Film,Jesus Film,x
Ewe,Jesus Our Living Water,Jesus Film,x
Ewe,Growing in Christ,Jesus Film,x
Ewe,Fellowship of Believers,Jesus Film,x
Ewe,Walking in the Sprit,Jesus Film,x
Ewe,Assurance of Salvation,Jesus Film,x
Ewe,The Holy Spirit,Jesus Film,x
Ewe,"Jesus, Our Loving Pursuer",Jesus Film,x
Ewe,"Jesus, Our Gracious forgiver",Jesus Film,x
Ewe,"Jesus, Our Power for Living",Jesus Film,x
Ewe,"Jesus, Our powerful Deliverer",Jesus Film,x
Ewe,"Jesus, Our compassionate Provider",Jesus Film,x
Ewe,"Jesus, Our Complete Restorer",Jesus Film,x
Ewe,"Jesus, Our Living Water",Jesus Film,x
Frafra,Bible,Bible,x
Ga,Bible,Bible,x
Ga,Jesus Film,Jesus Film,x
Gikyode,Bible,Bible,x
Gikyode,Jesus Film,Jesus Film,x
Giryama,Bible,Bible,x
Giryama,Jesus Film,Jesus Film,x
Guajajara,Bible,Bible,x
Guajajara,Jesus Film,Jesus Film,x
Guajajara,Parable of Good Samaritan,Jesus Film,x
Guajajara,Invitation to Know Jesus Personally,Jesus Film,x
Hanga,Bible,Bible,x
Hanga,Jesus Film,Jesus Film,x
Hausa,Bible,Bible,x
Hixkaryana,Bible (PDF),Bible,x
Ilchamus,Bible,Bible,x
Ilchamus,Jesus Film,Jesus Film,x
Jamamadi,Bible (PDF),Bible,x
Jarawara,Bible,Bible,x
Kaapor,Bible,Bible,x
Kaapor,Jesus Film,Jesus Film,x
Kaapor,Parable of Good Samaritan,Jesus Film,x
Kaapor,Invitation to Know Jesus Personally,Jesus Film,x
Kadiweu,Bible,Bible,x
Kadiweu,Jesus Film,Jesus Film,x
Kadiweu,Parable of Good Samaritan,Jesus Film,x
Kadiweu,Invitation to Know Jesus Personally,Jesus Film,x
Kaingang,Bible (PDF),Bible,x
Kaiwa,Bible (PDF),Bible,x
Kakwa,Bible,Bible,x
Kakwa,Jesus Film,Jesus Film,x
Kalenjin,Bible,Bible,x
Kalenjin,Jesus Film,Jesus Film,x
Kamayura,Bible,Bible,x
Kamba,Bible,Bible,x
Kamba,Jesus Film,Jesus Film,x
Karaja,Bible (PDF),Bible,x
Karimojong,Bible,Bible,x
Karimojong,Jesus Film,Jesus Film,x
Kasem,Bible,Bible,x
Kasem,Jesus Film,Jesus Film,x
Kasem,Growing in Christ,Jesus Film,x
Kasem,Fellowship of Believers,Jesus Film,x
Kasem,Walking in the Sprit,Jesus Film,x
Kasem,Assurance of Salvation,Jesus Film,x
Kasem,The Holy Spirit,Jesus Film,x
Kayabi,Bible,Bible,x
Kayabi,Jesus Film,Jesus Film,x
Kayabi,Parable of Good Samaritan,Jesus Film,x
Kayabi,Invitation to Know Jesus Personally,Jesus Film,x
Kayapo,Bible,Bible,x
Kayapo,Jesus Film,Jesus Film,x
Kayapo,Parable of Good Samaritan,Jesus Film,x
Kayapo,Invitation to Know Jesus Personally,Jesus Film,x
Kebu,Bible,Bible,x
Kebu,Jesus Film,Jesus Film,x
Kikuyu,Bible,Bible,x
Kisii,Bible,Bible,x
Kiswahili,Bible,Bible,x
Kiswahili,Biblical Themes-Heaven and Earth,Bible Project,x
Kiswahili,Biblical Themes-Holiness,Bible Project,x
Portuguese,Biblical Themes-Holiness,Bible Project,x
Spanish,Biblical Themes-Holiness,Bible Project,x
Kiswahili,Biblical Themes-Holy Spirit,Bible Project,x
Portuguese,Biblical Themes-Holy Spirit,Bible Project,x
Spanish,Biblical Themes-Holy Spirit,Bible Project,x
Kiswahili,Biblical Themes-Image of God,Bible Project,x
Portuguese,Biblical Themes-Image of God,Bible Project,x
Spanish,Biblical Themes-Image of God,Bible Project,x
English,Biblical Themes-Jesus the Royal Priest,Bible Project,x
Spanish,Biblical Themes-Jesus the Royal Priest,Bible Project,x
Kiswahili,Biblical Themes-Justice,Bible Project,x
Portuguese,Biblical Themes-Justice,Bible Project,x
Spanish,Biblical Themes-Justice,Bible Project,x
Kiswahili,Biblical Themes-Messiah,Bible Project,x
English,Biblical Themes-Royal Priesthood,Bible Project,x
Spanish,Biblical Themes-Royal Priesthood,Bible Project,x
Kiswahili,Biblical Themes-Sacrifice and Atonement,Bible Project,x
Kiswahili,Biblical Themes-The Law,Bible Project,x
Portuguese,Biblical Themes-The Law,Bible Project,x
Spanish,Biblical Themes-The Law,Bible Project,x
Portuguese,Caráter de Deus-Amor Leal,Bible Project,x
Portuguese,Caráter de Deus-Compaixão,Bible Project,x
Kiswahili,Jesus Film,Jesus Film,x
Kiswahili,The Story of Jesus for Children,Jesus Film,x
Kiswahili,Chosen Witness,Jesus Film,x
Kiswahili,Jesus Our Living Water,Jesus Film,x
Kiswahili,Jesus Calms the Storm,Jesus Film,x
Kiswahili,The Women with the Issue of Blood,Jesus Film,x
Kiswahili,StoryClubs-Birth of Jesus,Jesus Film,x
Kiswahili,StoryClubs-Sinful Woman Forgiven,Jesus Film,x
Kiswahili,StoryClubs-The Last Supper,Jesus Film,x
Kiswahili,StoryClubs-Jairus Daugher,Jesus Film,x
Kiswahili,StoryClubs-Jesus and Zacchaeus,Jesus Film,x
Kiswahili,StoryClubs-Jesus Calms the Storm,Jesus Film,x
Kiswahili,StoryClubs-Miraculous Catch of Fish,Jesus Film,x
Kiswahili,StoryClubs-The Tomb is Empty,Jesus Film,x
Kiswahili,StoryClubs-Jesus Feeds 5000,Jesus Film,x
Kiswahili,StoryClubs-Childhood of Jesus,Jesus Film,x
Kiswahili,StoryClubs-Jesus is Crucified,Jesus Film,x
Kiswahili,StoryClubs-A widows Offering,Jesus Film,x
Kiswahili,StoryClubs-Healing Bartimaeus,Jesus Film,x
Kiswahili,Breathe,Jesus Film,x
Kiswahili,Legion,Jesus Film,x
Kiswahili,"Jesus, Our Loving Pursuer",Jesus Film,x
Kiswahili,"Jesus, Our Gracious forgiver",Jesus Film,x
Kiswahili,"Jesus, Our Power for Living",Jesus Film,x
Kiswahili,"Jesus, Our powerful Deliverer",Jesus Film,x
Kiswahili,"Jesus, Our compassionate Provider",Jesus Film,x
Kiswahili,"Jesus, Our Complete Restorer",Jesus Film,x
Kiswahili,"Jesus, Our Living Water",Jesus Film,x
Kiswahili,Growing in Christ,Jesus Film,x
Kiswahili,Fellowship of Believers,Jesus Film,x
Kiswahili,Walking in the Sprit,Jesus Film,x
Kiswahili,Assurance of Salvation,Jesus Film,x
Kiswahili,The Holy Spirit,Jesus Film,x
Kiwilwana,Bible,Bible,x
Kiwilwana,Jesus Film,Jesus Film,x
Koma,Bible,Bible,x
Koma,Jesus Film,Jesus Film,x
Konkomba-Likoonli,Bible,Bible,x
Konkomba-Likoonli,Jesus Film,Jesus Film,x
Konkomba-Likoonli,Growing in Christ,Jesus Film,x
Konkomba-Likoonli,Fellowship of Believers,Jesus Film,x
Konkomba-Likoonli,Walking in the Sprit,Jesus Film,x
Konkomba-Likoonli,Assurance of Salvation,Jesus Film,x
Konkomba-Likoonli,The Holy Spirit,Jesus Film,x
Konkomba-Likpakpaaln,Bible,Bible,x
Konkomba-Likpakpaaln,Jesus Film,Jesus Film,x
Konkomba-Likpakpaaln,Growing in Christ,Jesus Film,x
Konkomba-Likpakpaaln,Fellowship of Believers,Jesus Film,x
Konkomba-Likpakpaaln,Walking in the Sprit,Jesus Film,x
Konkomba-Likpakpaaln,Assurance of Salvation,Jesus Film,x
Konkomba-Likpakpaaln,The Holy Spirit,Jesus Film,x
Kulina,Bible,Bible,x
Kumam,Bible,Bible,x
Kumam,Jesus Film,Jesus Film,x
Kupsapiny,Bible,Bible,x
Kupsapiny,Jesus Film,Jesus Film,x
Kusaal,Bible,Bible,x
Kusaal,Jesus Film,Jesus Film,x
Kusaal,Growing in Christ,Jesus Film,x
Kusaal,Fellowship of Believers,Jesus Film,x
Kusaal,Walking in the Sprit,Jesus Film,x
Kusaal,Assurance of Salvation,Jesus Film,x
Kusaal,The Holy Spirit,Jesus Film,x
Lango,Bible,Bible,x
Lango,Jesus Film,Jesus Film,x
Lelemi,Bible,Bible,x
Lelemi,Jesus Film,Jesus Film,x
Lubukusu,Bible,Bible,x
Lubwisi,Bible,Bible,x
Lubwisi,Jesus Film,Jesus Film,x
Luganda,Bible,Bible,x
Luganda,Jesus Film,Jesus Film,x
Luganda,The Story of Jesus for Children,Jesus Film,x
Luganda,Growing in Christ,Jesus Film,x
Luganda,Fellowship of Believers,Jesus Film,x
Luganda,Walking in the Sprit,Jesus Film,x
Luganda,Assurance of Salvation,Jesus Film,x
Luganda,The Holy Spirit,Jesus Film,x
Luganda,"Jesus, Our Loving Pursuer",Jesus Film,x
Luganda,"Jesus, Our Gracious forgiver",Jesus Film,x
Luganda,"Jesus, Our Power for Living",Jesus Film,x
Luganda,"Jesus, Our powerful Deliverer",Jesus Film,x
Luganda,"Jesus, Our compassionate Provider",Jesus Film,x
Luganda,"Jesus, Our Complete Restorer",Jesus Film,x
Luganda,"Jesus, Our Living Water",Jesus Film,x
Luganda,StoryClubs-Birth of Jesus,Jesus Film,x
Luganda,StoryClubs-Sinful Woman Forgiven,Jesus Film,x
Luganda,StoryClubs-The Last Supper,Jesus Film,x
Luganda,StoryClubs-Jairus Daugher,Jesus Film,x
Luganda,StoryClubs-Jesus and Zacchaeus,Jesus Film,x
Luganda,StoryClubs-Jesus Calms the Storm,Jesus Film,x
Luganda,StoryClubs-Miraculous Catch of Fish,Jesus Film,x
Luganda,StoryClubs-The Tomb is Empty,Jesus Film,x
Luganda,StoryClubs-Jesus Feeds 5000,Jesus Film,x
Luganda,StoryClubs-Childhood of Jesus,Jesus Film,x
Luganda,StoryClubs-Jesus is Crucified,Jesus Film,x
Luganda,StoryClubs-A widows Offering,Jesus Film,x
Luganda,StoryClubs-Healing Bartimaeus,Jesus Film,x
Lugbara,Bible,Bible,x
Lugbara,Jesus Film,Jesus Film,x
Lugungu,Bible,Bible,x
Lugwere,Bible,Bible,x
Luhya,Bible,Bible,x
Lukakamega,Bible,Bible,x
Lumasaba,Bible,Bible,x
Lumasaba,Jesus Film,Jesus Film,x
Lunyole,Bible,Bible,x
Lunyore,Jesus Film,Jesus Film,x
Luo,Bible,Bible,x
Luo,Jesus Film,Jesus Film,x
Lusamya,Bible,Bible,x
Lusoga,Bible,Bible,x
Lusoga,Jesus Film,Jesus Film,x
Maasai,Bible,Bible,x
Maasai,Jesus Film,Jesus Film,x
Maasai,Magdalena,Jesus Film,x
Macushi,Bible,Bible,x
Madi,Bible,Bible,x
Madi,Jesus Film,Jesus Film,x
Mampruli,Bible,Bible,x
Mampruli,Jesus Film,Jesus Film,x
Manchineri,Bible,Bible,x
Marakwet,Bible,Bible,x
Maxakali,Bible (PDF),Bible,x
Mbya Guarani,Bible (PDF),Bible,x
Meru,Bible,Bible,x
Meru,Jesus Film,Jesus Film,x
Munduruku,Bible (PDF),Bible,x
Nadeb,Bible,Bible,x
Nambikuara (Southern),Bible (PDF),Bible,x
Nawuri,Bible,Bible,x
Nkonya,Bible,Bible,x
Nkonya,Jesus Film,Jesus Film,x
Ntrubo,Bible,Bible,x
Nzema,Bible,Bible,x
Nzema,Jesus Film,Jesus Film,x
Obolo,Bible,Bible,x
Okphela,Bible,Bible,x
Orma,Bible,Bible,x
Paasaal,Bible,Bible,x
Paasaal,Jesus Film,Jesus Film,x
Palikur,Bible (PDF),Bible,x
Parecis,Bible,Bible,x
Parecis,Jesus Film,Jesus Film,x
Parecis,Parable of Good Samaritan,Jesus Film,x
Parecis,Invitation to Know Jesus Personally,Jesus Film,x
Paumari,Bible,Bible,x
Pokoot,Bible,Bible,x
Pokoot,Jesus Film,Jesus Film,x
Portuguese,ARA Bible,Bible,x
Portuguese,ARC Bible,Bible,x
Portuguese,Bible,Bible,x
Portuguese,Caráter de Deus-Fidelidade,Bible Project,x
Portuguese,Caráter de Deus-Graça,Bible Project,x
Portuguese,Caráter de Deus-O Caráter de Deus,Bible Project,x
Portuguese,Caráter de Deus-Tardio em irar-se,Bible Project,x
Portuguese,Céu e Terra,Bible Project,x
Kiswahili,Coming of Jesus-Agape Love,Bible Project,x
Kiswahili,Coming of Jesus-Character Joy,Bible Project,x
Kiswahili,Coming of Jesus-Shalom Peace,Bible Project,x
Kiswahili,Coming of Jesus-Yakhal Hope,Bible Project,x
Portuguese,Como Ler o Discurso Bíblico-A Lei Bíblica,Bible Project,x
Portuguese,Como Ler o Discurso Bíblico-NT Contexto Histórico,Bible Project,x
Portuguese,Como Ler o Discurso Bíblico-NT Contexto Literário,Bible Project,x
Portuguese,Estudo de Palavras-Evangelho,Bible Project,x
Portuguese,Estudo de Palavras-Testemunha,Bible Project,x
Portuguese,Evangelho do Reino,Bible Project,x
Portuguese,God,Bible Project,x
Spanish,God,Bible Project,x
English,Gods Atrributes-Loyal Love,Bible Project,x
Kiswahili,Gods Atrributes-Loyal Love,Bible Project,x
English,Gods Attributes-Compassion,Bible Project,x
Kiswahili,Gods Attributes-Compassion,Bible Project,x
Spanish,Gods Attributes-Compassion,Bible Project,x
Kiswahili,Gods Attributes-Faithful,Bible Project,x
Kiswahili,Gods Attributes-Gracious,Bible Project,x
Spanish,Gods Attributes-Loyal Love,Bible Project,x
Kiswahili,Gods Attributes-Slow to Anger,Bible Project,x
Portuguese,Messiah,Bible Project,x
Portuguese,O que é a Bíblia,Bible Project,x
English,Overview of NT,Bible Project,x
Kiswahili,Overview of NT,Bible Project,x
Spanish,Overview of NT,Bible Project,x
Kiswahili,Overview of OT,Bible Project,x
Portuguese,Quem é Jesus,Bible Project,x
Spanish,Sabbath,Bible Project,x
Spanish,Sacrifice and Propiatiation,Bible Project,x
Portuguese,Série Palavras Negativas-Iniquidade,Bible Project,x
Portuguese,Série Palavras Negativas-Pecado,Bible Project,x
Portuguese,Série Palavras NegativasTransgressão,Bible Project,x
Portuguese,Série Shema-Amor,Bible Project,x
Spanish,Son of Man,Bible Project,x
English,Story of the Bible,Bible Project,x
Portuguese,Temas Bíblicos-A Lei,Bible Project,x
Portuguese,Temas Bíblicos-Água da Vida,Bible Project,x
Portuguese,Temas Bíblicos-Deus,Bible Project,x
Portuguese,Temas Bíblicos-Dia do Senhor,Bible Project,x
Portuguese,Jesus Film,Jesus Film,x
Portuguese,Life of Jesus (Gospel of John),Jesus Film,x
Portuguese,How to have a relationship with God,Jesus Film,x
Portuguese,The Story of Jesus for Children,Jesus Film,x
Portuguese,Magdelena,Jesus Film,x
Portuguese,Chosen Witness,Jesus Film,x
Portuguese,"Jesus, Our Loving Pursuer",Jesus Film,x
Portuguese,"Jesus, Our Gracious forgiver",Jesus Film,x
Portuguese,"Jesus, Our Power for Living",Jesus Film,x
Portuguese,"Jesus, Our powerful Deliverer",Jesus Film,x
Portuguese,"Jesus, Our compassionate Provider",Jesus Film,x
Portuguese,"Jesus, Our Complete Restorer",Jesus Film,x
Portuguese,"Jesus, Our Living Water",Jesus Film,x
Portuguese,Just an Outside Shot,Jesus Film,x
Portuguese,Dying roads,Jesus Film,x
Portuguese,Legion,Jesus Film,x
Portuguese,Andreas Story,Jesus Film,x
Portuguese,Where You Belong,Jesus Film,x
Portuguese,Blue,Jesus Film,x
Portuguese,My Last Day,Jesus Film,x
Portuguese,Is there one God or Three,Jesus Film,x
Portuguese,Did Jesus Come Back from the Dead,Jesus Film,x
Portuguese,Why Did Jesus Have to Die,Jesus Film,x
Portuguese,Who is Jesus,Jesus Film,x
Portuguese,Can We Know God,Jesus Film,x
Portuguese,Can the bible Be Trusted,Jesus Film,x
Portuguese,Restored,Jesus Film,x
Portuguese,God's Rescue Plan,Jesus Film,x
Portuguese,In the Family,Jesus Film,x
Portuguese,Handiwork,Jesus Film,x
Portuguese,Daily Bread,Jesus Film,x
Portuguese,Troubled Times,Jesus Film,x
Portuguese,The Wind and the Wells,Jesus Film,x
Portuguese,Finding Peace,Jesus Film,x
Portuguese,Friends and Enemies,Jesus Film,x
Portuguese,Cleaning the Lamps,Jesus Film,x
Portuguese,Wedding Day,Jesus Film,x
Portuguese,The Dropped Stitch,Jesus Film,x
Portuguese,Births,Jesus Film,x
Portuguese,Sharing the News,Jesus Film,x
Portuguese,StoryClubs-Birth of Jesus,Jesus Film,x
Portuguese,StoryClubs-Sinful Woman Forgiven,Jesus Film,x
Portuguese,StoryClubs-The Last Supper,Jesus Film,x
Portuguese,StoryClubs-Jairus Daugher,Jesus Film,x
Portuguese,StoryClubs-Jesus and Zacchaeus,Jesus Film,x
Portuguese,StoryClubs-Jesus Calms the Storm,Jesus Film,x
Portuguese,StoryClubs-Miraculous Catch of Fish,Jesus Film,x
Portuguese,StoryClubs-The Tomb is Empty,Jesus Film,x
Portuguese,StoryClubs-Jesus Feeds 5000,Jesus Film,x
Portuguese,StoryClubs-Childhood of Jesus,Jesus Film,x
Portuguese,StoryClubs-Jesus is Crucified,Jesus Film,x
Portuguese,StoryClubs-A widows Offering,Jesus Film,x
Portuguese,StoryClubs-Healing Bartimaeus,Jesus Film,x
Rikbaktsa,Bible (PDF),Bible,x
Lunyankore,Bible,Bible,x
Lunyankore,Jesus Film,Jesus Film,x
Lunyankore,Growing in Christ,Jesus Film,x
Lunyankore,Fellowship of Believers,Jesus Film,x
Lunyankore,Walking in the Sprit,Jesus Film,x
Lunyankore,Assurance of Salvation,Jesus Film,x
Lunyankore,The Holy Spirit,Jesus Film,x
Runyoro-Rutoro,Bible,Bible,x
Runyoro-Rutoro,Jesus Film,Jesus Film,x
Sabaot,Bible,Bible,x
Sabaot,Jesus Film,Jesus Film,x
Samburu,Bible,Bible,x
Samburu,Jesus Film,Jesus Film,x
Satere-Mawe,Bible (PDF),Bible,x
Sekpele,Bible,Bible,x
Selee,Bible,Bible,x
Shanga,Bible,Bible,x
Sisaala-Tumulung,Bible,Bible,x
Sisaala-Tumulung,Jesus Film,Jesus Film,x
Sisaala-Tumulung,Growing in Christ,Jesus Film,x
Sisaala-Tumulung,Fellowship of Believers,Jesus Film,x
Sisaala-Tumulung,Walking in the Sprit,Jesus Film,x
Sisaala-Tumulung,Assurance of Salvation,Jesus Film,x
Sisaala-Tumulung,The Holy Spirit,Jesus Film,x
Siwu,Bible,Bible,x
Spanish,BDA Bible,Bible,x
Spanish,PDT Bible,Bible,x
Portuguese,Temas Bíblicos-Espírito Santo,Bible Project,x
Portuguese,Temas Bíblicos-Exílio,Bible Project,x
Portuguese,Temas Bíblicos-Filho do Homem,Bible Project,x
Portuguese,Temas Bíblicos-Generosidade,Bible Project,x
Portuguese,Temas Bíblicos-Imagem de Deus,Bible Project,x
Portuguese,Temas Bíblicos-Justiça,Bible Project,x
Portuguese,Temas Bíblicos-Messias,Bible Project,x
Portuguese,Temas Bíblicos-Os últimos serão os primeiros,Bible Project,x
Portuguese,Temas Bíblicos-Sacrifício e Expiação,Bible Project,x
Portuguese,Temas Bíblicos-Santidade,Bible Project,x
Portuguese,Temas Bíblicos-Templo,Bible Project,x
Portuguese,Temas Bíblicos-Vida Eterna,Bible Project,x
Spanish,The Last Will be the First,Bible Project,x
Spanish,Water of Life,Bible Project,x
English,What is the Bible,Bible Project,x
Spanish,What is the Bible,Bible Project,x
Kiswahili,Wisdom Series-Ecclesiastes,Bible Project,x
Kiswahili,Wisdom Series-Job,Bible Project,x
Kiswahili,Wisdom Series-Proverbs,Bible Project,x
English,Word Series - Khata Sin,Bible Project,x
Spanish,Word Study-Gospel,Bible Project,x
Spanish,Word Study-Khata Sin,Bible Project,x
Spanish,Jesus Film,Jesus Film,x
Spanish,Sawyer Bucket Filter Video,Sawyer Instructions,x
Spanish,Sawyer Tap Filter Video,Sawyer Instructions,x
Suba,Bible,Bible,x
Suba,Jesus Film,Jesus Film,x
Suba,Magdalena,Jesus Film,x
Taita,Bible,Bible,x
Taita,Jesus Film,Jesus Film,x
Tampulma,Bible,Bible,x
Tampulma,Jesus Film,Jesus Film,x
Tenharim,Bible (PDF),Bible,x
Terena,Bible,Bible,x
Tharaka,Bible,Bible,x
Tharaka,Jesus Film,Jesus Film,x
Tiv,Bible,Bible,x
Tukano,Bible,Bible,x
Turkana,Bible,Bible,x
Turkana,Jesus Film,Jesus Film,x
Tuwuli,Bible,Bible,x
Tyap,Bible,Bible,x
UaiUai,Bible,Bible,x
Vagla,Bible,Bible,x
Vagla,Jesus Film,Jesus Film,x
Wali,Bible,Bible,x
Wali,Jesus Film,Jesus Film,x
Xavante,Bible (PDF),Bible,x
Yoruba,Bible,Bible,x
